<xml xmlns:o="urn:schemas-microsoft-com:office:office">
 <o:File HRef="master03.htm"/>
 <o:File HRef="master03.xml"/>
 <o:File HRef="preview.wmf"/>
 <o:File HRef="pres.xml"/>
 <o:File HRef="slide0002.htm"/>
 <o:File HRef="slide0002_image001.gif"/>
 <o:File HRef="slide0002_image002.gif"/>
 <o:File HRef="slide0002_image003.gif"/>
 <o:File HRef="slide0002_image004.gif"/>
 <o:File HRef="slide0002_image005.gif"/>
 <o:File HRef="slide0002_image006.gif"/>
 <o:File HRef="slide0002_image007.gif"/>
 <o:File HRef="slide0002_image008.gif"/>
 <o:File HRef="master03_stylesheet.css"/>
 <o:MainFile HRef="../Enterprise_Design_Final_Project_Mockup_SRCTEST.htm"/>
 <o:File HRef="filelist.xml"/>
</xml>