<xml xmlns:v="urn:schemas-microsoft-com:vml"
 xmlns:o="urn:schemas-microsoft-com:office:office"
 xmlns:p="urn:schemas-microsoft-com:office:powerpoint"
 xmlns:oa="urn:schemas-microsoft-com:office:activation">
 <p:presentation sizeof="screen" gridspacingx="49152" gridspacingy="49152"
  subsetembed="1">
  <p:master id="3" slidesn="0,0" type="main" href="master03.htm"
   xmlhref="master03.xml" template="Office Theme" layout="title_body"
   slots="title,body,dateTime,footer,slideNumber">
   <p:schemes>
   </p:schemes>
  </p:master>
  <p:slide id="2" slidesn="0,0" href="slide0002.htm"/>
  <p:viewstate type="slideView" scale="110" restoredleft="156" restoredtop="946"
   hideoutlineicons="t"/>
  <p:pptdocumentsettings framecolors="WhiteTextOnBlack" hideslideanimation="t"
   browsersupport="v4"/>
 </p:presentation>
 <o:shapedefaults v:ext="edit" spidmax="2074"/>
</xml>