{"nodes" : [{"id" : 0, "x" : 537, "y" : 236, "width" : 100, "height" : 50, "txt" : "Circle"},{"id" : 5, "x" : 476, "y" : 174, "width" : 31, "height" : 31, "txt" : "X"},{"id" : 6, "x" : 554, "y" : 163, "width" : 31, "height" : 31, "txt" : "Y"},{"id" : 7, "x" : 654, "y" : 107, "width" : 53, "height" : 31, "txt" : "radius"}], "connections" : [{"nodeA" : 0, "nodeB" : 5, "conA" : "top", "conB" : "bottom"},{"nodeA" : 6, "nodeB" : 0, "conA" : "bottom", "conB" : "top"},{"nodeA" : 0, "nodeB" : 7, "conA" : "top", "conB" : "bottom"}]}